bairro,price_per_m2_mean,price_per_m2_median,price_per_m2_std,price_per_m2_min,price_per_m2_max,price_per_m2_count,price_num_mean,price_num_median,area_mean,area_median
Íris,130000.0,130000.0,,130000.0,130000.0,1,1300000.0,1300000.0,10.0,10.0
Carvoeira,27333.33,27333.33,,27333.33,27333.33,1,410000.0,410000.0,15.0,15.0
Morro Das Pedras,20301.08,20301.08,,20301.08,20301.08,1,1888000.0,1888000.0,93.0,93.0
Flor,13321.8,13321.8,,13321.8,13321.8,1,3850000.0,3850000.0,289.0,289.0
Campeche,12632.61,10314.75,8492.27,38.24,28469.39,12,1293875.0,1347500.0,140.5,162.5
Cacupe,11583.33,11583.33,,11583.33,11583.33,1,6950000.0,6950000.0,600.0,600.0
Ponta Das Canas,11250.0,11250.0,,11250.0,11250.0,1,4500000.0,4500000.0,400.0,400.0
Rio Tavares,11016.67,11016.67,5044.03,7450.0,14583.33,2,1445000.0,1445000.0,148.0,148.0
Santo Antônio De Lisboa,10567.57,10567.57,14753.69,135.14,21000.0,2,424250.0,424250.0,51.45,51.45
Santinho,10555.56,10555.56,,10555.56,10555.56,1,950000.0,950000.0,90.0,90.0
Pedra Branca,9947.86,10000.0,3382.76,45.71,15229.89,23,1462082.61,1250000.0,144.26,98.0
Canasvieiras,9553.53,10489.13,6859.38,569.17,16666.67,4,4262500.0,4575000.0,3467.75,331.0
Vargem Do Bom Jesus,9137.93,9137.93,,9137.93,9137.93,1,530000.0,530000.0,58.0,58.0
Cachoeira Do Bom Jesus,8321.08,8321.08,2928.95,6250.0,10392.16,2,590000.0,590000.0,77.5,77.5
Pagani,8102.71,8042.2,3114.0,1951.78,12111.11,8,888748.75,792500.0,184.62,87.5
Ponta De Baixo,7650.35,5500.0,4760.62,4344.26,13106.8,3,1135000.0,440000.0,115.67,80.0
Ingleses,7618.98,6958.18,3135.31,3583.06,19538.14,30,1089550.98,844500.0,144.59,122.0
Floresta,7387.14,8510.68,2559.87,3561.64,8965.55,4,1997421.75,1394465.5,391.75,159.0
Praia Do Sonho (Ens Brito),7362.86,6696.43,1950.11,5833.33,9558.82,3,1050000.0,750000.0,160.0,112.0
Rio Caveiras,7198.7,6111.11,2228.27,5723.08,9761.9,3,580666.67,550000.0,79.67,84.0
Campinas,6966.69,7479.5,4247.2,26.59,13423.42,14,736635.71,680000.0,127.84,107.0
São João Do Rio Vermelho,6728.26,6728.26,,6728.26,6728.26,1,619000.0,619000.0,92.0,92.0
Praia João Rosa,6641.79,6641.79,,6641.79,6641.79,1,445000.0,445000.0,67.0,67.0
Itacorubi,6624.32,5229.8,7120.47,41.67,14634.15,8,459250.0,296250.0,73.12,65.5
Praia De Fora,6621.28,7125.76,2926.74,2954.12,11016.95,6,632498.33,602500.0,113.85,108.0
Ingleses Do Rio Vermelho,6584.25,8048.78,5951.41,37.29,11666.67,3,517263.33,560000.0,73.0,48.0
Rio Vermelho,6417.73,6442.61,2214.24,3255.32,13636.36,22,878104.55,689500.0,133.05,116.0
Coloninha,6357.14,6357.14,,6357.14,6357.14,1,890000.0,890000.0,140.0,140.0
Vendaval,5769.23,5769.23,,5769.23,5769.23,1,300000.0,300000.0,52.0,52.0
Vargem Grande,5745.84,7377.05,3864.37,1333.33,8527.13,3,676666.67,480000.0,183.33,129.0
Kobrasol,5388.37,7237.62,3571.8,41.43,8657.89,14,455810.0,349000.0,84.07,60.5
Nossa Senhora Do Rosário,5354.1,6337.38,2800.91,42.2,7702.7,6,602581.67,534000.0,111.33,76.5
Distrito Industrial,5241.38,5241.38,,5241.38,5241.38,1,760000.0,760000.0,145.0,145.0
Maciambú (Ens Brito),5232.56,5232.56,,5232.56,5232.56,1,450000.0,450000.0,86.0,86.0
Ponte Do Imaruim,5215.15,5200.0,3573.22,27.78,9090.91,5,1644800.0,1400000.0,469.2,364.0
Beira Rio,5088.26,6424.58,2900.24,1933.33,8484.85,5,910900.0,1150000.0,172.0,165.0
Forquilhinha,5021.74,5021.74,30.74,5000.0,5043.48,2,349000.0,349000.0,69.5,69.5
Canto,4915.53,6246.23,3275.54,86.72,7082.93,4,340693.75,422500.0,59.75,67.14
Passa Vinte,4889.48,6865.67,4237.38,25.0,7777.78,3,636000.0,460000.0,722.33,180.0
Jardim Cidade De Florianópolis,4870.67,5727.85,3580.68,31.67,9768.17,10,572780.0,597500.0,219.84,80.5
Forquilhas,4583.84,5106.38,3550.39,30.97,10000.0,9,289697.78,245000.0,77.77,54.0
Coqueiros,4579.77,56.25,6898.94,24.34,18243.24,8,627267.5,6995.0,133.96,89.5
Saco Dos Limões,4552.91,4552.91,6315.98,86.84,9018.99,2,1426650.0,1426650.0,177.0,177.0
Bom Viver,4441.65,5197.74,2311.18,347.67,5882.35,5,755000.0,245000.0,1297.66,46.0
Trindade,4388.34,125.0,8225.8,38.75,23327.78,37,228518.59,4900.0,75.36,44.0
Jardim Eldorado,4224.96,5404.17,2584.29,25.01,7575.76,8,950983.0,615000.0,498.06,232.5
Jardim Janaina,4156.77,5609.76,2712.57,1027.22,5833.33,3,976666.67,700000.0,702.67,120.0
Centro,4150.09,82.09,6080.71,21.81,22448.98,90,384706.31,6585.0,94.12,68.5
Real Parque,4052.46,4052.46,1892.46,2714.29,5390.62,2,647500.0,647500.0,207.0,207.0
101,4023.25,4023.25,5661.85,19.71,8026.79,2,452950.0,452950.0,231.0,231.0
Areias,4001.19,4100.0,4127.75,24.57,12500.0,15,411995.47,310000.0,250.13,62.0
Bela Vista,3876.89,5264.17,2604.58,29.45,6829.27,16,334842.5,274500.0,155.74,69.0
Serraria,3795.04,5118.18,3241.27,23.11,7364.05,8,232923.75,280000.0,116.52,60.45
São Sebastião,3755.19,4245.9,2294.64,29.81,5782.31,5,358110.0,280000.0,86.4,61.0
Barreiros,3587.92,56.59,4486.87,20.0,12307.69,33,315192.67,2690.0,72.96,60.0
Potecas,3498.77,3036.51,3809.15,23.08,8876.4,6,295915.0,260000.0,134.17,83.0
Ipiranga,3426.4,4591.99,2924.36,25.0,6625.0,8,216573.75,289950.0,66.11,63.5
Capoeiras,3323.65,2227.82,3539.94,22.68,10451.98,56,591291.43,212500.0,137.09,70.0
Sorocaba De Dentro,3308.33,3308.33,4160.16,366.65,6250.0,2,995500.0,995500.0,1110.5,1110.5
Fazenda Santo Antônio,3217.82,3217.82,4491.0,42.2,6393.44,2,391245.0,391245.0,90.5,90.5
Bela Vista Ii,3142.86,3142.86,,3142.86,3142.86,1,880000.0,880000.0,280.0,280.0
Cacupé,3060.2,31.52,6063.01,23.04,12154.7,4,557650.0,12650.0,285.25,230.0
Roçado,3001.48,2487.16,3108.69,37.61,7122.3,6,459481.67,415000.0,555.56,173.0
Armação Do Pântano Do Sul,2876.11,2876.11,,2876.11,2876.11,1,650000.0,650000.0,226.0,226.0
Aririu,2778.62,2778.62,3872.99,40.0,5517.24,2,161100.0,161100.0,56.5,56.5
Saco Grande,2235.83,38.0,4398.33,34.0,8833.33,4,402675.0,7850.0,188.75,190.0
Córrego Grande,2139.5,37.14,4701.87,35.6,10550.46,5,233690.0,5000.0,123.52,109.0
Flor De Napolis,2089.58,2089.58,2902.44,37.25,4141.92,2,133245.0,133245.0,51.99,51.99
Praia Comprida,2025.63,57.8,2509.68,2.5,5147.06,7,1483068.57,25000.0,1766.46,85.0
Rio Grande,1984.54,1984.54,1813.2,702.41,3266.67,2,667500.0,667500.0,676.5,676.5
Estreito,1893.79,50.59,3476.09,25.44,8966.45,17,118677.35,4200.0,111.29,72.0
407,1733.33,1733.33,,1733.33,1733.33,1,260000.0,260000.0,150.0,150.0
Agronômica,1627.98,73.63,4143.74,43.1,13201.32,15,296113.33,5800.0,97.58,73.0
Itacorubí,1600.92,62.86,4252.91,34.56,13710.88,25,106145.48,4400.0,78.16,72.3
Bom Abrigo,1552.03,68.18,2605.29,27.64,4560.26,3,475333.33,15000.0,308.33,307.0
Deltaville,1500.0,1500.0,,1500.0,1500.0,1,225000.0,225000.0,150.0,150.0
São Miguel (Guaporanga),1500.0,1500.0,,1500.0,1500.0,1,1500000.0,1500000.0,1000.0,1000.0
Balneário Ponta Do Papagaio (Ens Brito),1250.0,1250.0,,1250.0,1250.0,1,450000.0,450000.0,360.0,360.0
Forquilhinhas,1088.74,33.19,2410.74,6.62,7361.96,10,113622.0,2295.0,95.45,83.75
Jardim Atlântico,781.12,59.06,1871.66,28.75,5757.58,14,67070.71,2450.0,100.92,66.0
Alto Aririu,321.37,321.37,413.48,29.0,613.75,2,210700.0,210700.0,1105.5,1105.5
Boa Vista,148.51,148.51,,148.51,148.51,1,1500000.0,1500000.0,10100.0,10100.0
Jurerê,113.14,114.44,18.85,82.48,130.0,5,6338.0,4700.0,60.0,37.0
Jurerê Internacional,107.14,107.14,,107.14,107.14,1,18000.0,18000.0,168.0,168.0
Lagoa Da Conceição,58.33,58.33,,58.33,58.33,1,3500.0,3500.0,60.0,60.0
Sambaqui,56.82,56.82,,56.82,56.82,1,12500.0,12500.0,220.0,220.0
João Paulo,49.75,46.23,21.28,31.81,74.73,4,4950.0,4650.0,95.0,84.8
Abraão,45.98,45.98,,45.98,45.98,1,4000.0,4000.0,87.0,87.0
Saco Grande I,43.33,43.33,,43.33,43.33,1,6500.0,6500.0,150.0,150.0
Picadas Do Sul,35.85,35.85,1.56,34.75,36.95,2,2170.0,2170.0,59.92,59.92
Fundos,35.56,35.56,,35.56,35.56,1,1600.0,1600.0,45.0,45.0
Praia Da Pinheira,33.98,33.98,,33.98,33.98,1,2990.0,2990.0,88.0,88.0
Monte Cristo,32.55,32.55,,32.55,32.55,1,1790.0,1790.0,55.0,55.0
Rússia,22.38,22.38,,22.38,22.38,1,975000.0,975000.0,43560.0,43560.0
Sertão Do Maruim,22.0,22.0,,22.0,22.0,1,1100.0,1100.0,50.0,50.0
Encruzilhada,18.65,18.65,,18.65,18.65,1,890.0,890.0,47.73,47.73
Brejarú,8.61,8.61,7.46,3.33,13.89,2,7500.0,7500.0,1680.0,1680.0
Universitário,5.0,5.0,,5.0,5.0,1,115000.0,115000.0,23000.0,23000.0
Guarda Do Cubatão,3.0,3.0,0.0,3.0,3.0,15,13619.27,9303.0,4539.91,3101.0
